﻿S. No.,Name of the Employee,Emp ID,Designation,Project Manager ID,Reporting Manager,Department
1,Akhilesh Yadav,1,CEO,0,,Finance
2,Ravikumar Rachuri,10,Senior Manager,206,Suresh Sayammagaru,Delivery
3,Wahengbam Paramjit Singh,12,Manager,206,Suresh Sayammagaru,Delivery
4,Vikas Sunil Chavan,37,Manager,10,Ravikumar Rachuri,Hr
5,Bharat Venkannagari,89,Associate Director,1,Akhilesh Yadav,Finance
6,Lakshman Chowdary Dhullipalla,100,Solution Architect,206,Suresh Sayammagaru,Delivery
7,Chaitanya Murali,123,Manager,10,Ravikumar Rachuri,Hr
8,Nikhil Yenreddy,127,Principal Consultant,206,Suresh Sayammagaru,Delivery
9,ShivaKumar BS,130,Senior Manager,206,Suresh Sayammagaru,Delivery
10,Giridhar H G,141,Manager,1,Akhilesh Yadav,Finance
11,Krishika Ramaswamy,146,Business Analyst,130,ShivaKumar B S,Sales
12,Saheer Md,151,Business Analyst,100,Lakshman Chowdary,Marketing
13,Ashish Kumar Gupta ,154,Business Analyst,265,Sricharan Nagaram,Marketing
14,Adhithya Karthikeyan,156,Business Analyst,37,Chaitanya Murali,Delivery
15,Aastha Agarwal,158,Business Analyst,206,Suresh Sayammagaru,Delivery
16,Dolly Gupta,160,Business Analyst,265,Sricharan Nagaram,Marketing
17,Amrita Ghosh,161,Senior Executive ,239,Richa Tiwari,Talent acquisition
18,Kapil Saini,162,Business Analyst,130,ShivaKumar B S,Sales
19,P Indumathi ,166,Business Analyst,130,ShivaKumar B S,Sales
20,Suresh Sayammagaru,206,Vice President,1,Akhilesh Yadav,Finance
21,Richa Tiwari,239,Manager,206,Suresh Sayammagaru,Delivery
22,Sricharan Nagaram,265,Associate Manager,206,Suresh Sayammagaru,Delivery