﻿S. No.,Name of the Employee,Emp ID,Designation,Project Manager ID,Reporting Manager
1,Akhilesh Yadav,0001,CEO,0000,
2,Ravikumar Rachuri,0010,Senior Manager,0206,Suresh Sayammagaru
3,Wahengbam Paramjit Singh,0012,Manager,0206,Suresh Sayammagaru
4,Karuppaiya Chinnaiah,0022,Senior Consultant,0209,Victor Sinha
5,Vikas Sunil Chavan,0037,Manager,0010,Ravikumar Rachuri
6,Bharat Venkannagari,0089,Associate Director,0001,Akhilesh Yadav
7,Lakshman Chowdary Dhullipalla,0100,Solution Architect,0206,Suresh Sayammagaru
8,Chaitanya Murali,0123,Manager,0010,Ravikumar Rachuri
9,Nikhil Yenreddy,0127,Principal Consultant,0206,Suresh Sayammagaru
10,ShivaKumar BS,0130,Senior Manager,0206,Suresh Sayammagaru
11,Giridhar H G,0141,Manager,0001,Akhilesh Yadav
12,Krishika Ramaswamy,0146,Business Analyst,0130,ShivaKumar B S
13,Saheer Md,0151,Business Analyst,0100,Lakshman Chowdary
14,Ashish Kumar Gupta ,0154,Business Analyst,0265,Sricharan Nagaram
15,Adhithya Karthikeyan,0156,Business Analyst,0037,Chaitanya Murali
16,Aastha Agarwal,0158,Business Analyst,0206,Suresh Sayammagaru
17,Dolly Gupta,0160,Business Analyst,0265,Sricharan Nagaram
18,Amrita Ghosh,0161,Senior Executive ,0239,Richa Tiwari
19,Kapil Saini,0162,Business Analyst,0130,ShivaKumar B S
20,P Indumathi ,0166,Business Analyst,0130,ShivaKumar B S
21,Charu Priyadarshini,0168,Senior Business Analyst,0012,Wahengbam Paramjit Singh
22,Ankita Shah,0170,Business Analyst,0130,ShivaKumar B S
23,Sukalp Shivam,0172,Business Analyst,0265,Sricharan Nagaram
24,Selvaraj Sebastian Srikanth Kumar,0173,Business Analyst,0037,Chaitanya Murali
25,Haswitha Madupalli,0180,Business Analyst,0012,Wahengbam Paramjit Singh
26,Naveen Kumar,0181,Senior Consultant,0209,Victor Sinha
27,Nitisha Tutiki,0182,Associate Manager,0206,Suresh Sayammagaru
28,Sandeep Gautam,0185,Manager,0001,Akhilesh Yadav
29,Sudarshan Saxena,0187,Senior Consultant,0130,ShivaKumar B S
30,Anjaly Peter,0190,Executive,0239,Richa Tiwari
31,Vanitha KM,0191,Senior Consultant,0012,Wahengbam Paramjit Singh
32,Venkatesh Gogisetty,0192,Senior Executive,0089,Bharat Venkannagari
33,Ravi Teja Peechara,0193,Associate,0089,Bharat Venkannagari
34,Nagendra Babu Muddisetty,0196,Senior Consultant,0130,ShivaKumar B S
35,Deepika Gaddam,0198,Business Analyst,0130,ShivaKumar B S
36,Sandeep Adepu,0199,Senior Executive,0089,Bharat Venkannagari
37,Prakhar Sharma,0203,Business Analyst,0131,Sricharan Nagaram
38,Suresh Sayammagaru,0206,Vice President,0001,Akhilesh Yadav
39,Ganesh Yeluri,0208,Associate Manager,0130,ShivaKumar B S
40,Victor Sinha,0209,Associate Director,0206,Suresh Sayammagaru
41,Maryam Farooquee,0210,Senior Executive,0206,Suresh Sayammagaru
42,Gopi Janardhan Rao Gogineni,0211,Business Analyst,0130,ShivaKumar B S
43,Sahana Reddy,0212,Senior Consultant,0037,VikasSChavan
44,Sneha Roychoudhury,0213,Associate Manager,0206,Suresh Sayammagaru
45,Jeevitha Mallichetty,0214,Senior Consultant,0037,Chaitanya Murali
46,Raleigh David,0215,Associate Manager,0206,Suresh Sayammagaru
47,Jyoti Ambi,0216,Senior Consultant,0037,Lakshman Chowdary
48,Deepak Bharati,0217,Senior Consultant,0209,Stuti Mittal
49,Girish NS,0218,Business Analyst,0209,Victor Sinha
50,Praveen GV,0219,Business Analyst,0037,VikasSChavan
51,Chaitanya Teja Gudlavalleti,0220,Senior Consultant,0012,Chaitanya Murali
52,Harsh Saraf,0221,Consultant,0037,VikasSChavan
53,Aarzoo Thapliyal,0222,Business Analyst,0265,Sricharan Nagaram
54,Arpit Sharma,0223,Business Analyst,0262,Stuti Mittal
55,Siddharth Kushwaha,0224,Business Analyst,0130,ShivaKumar B S
56,Soubhagya Das,0225,Business Analyst,0037,Chaitanya Murali
57,Megha Bhoj,0228,Business Analyst,0130,ShivaKumar B S
58,Sardar Shareef S,0230,Senior Executive,0206,Suresh Sayammagaru
59,Nikitha Shatdarsanam,0231,Senior Business Analyst,0130,ShivaKumar B S
60,Harshit Gupta,0233,Consultant,0206,Suresh Sayammagaru
61,Nafisul Haque,0235,Business Analyst,0130,ShivaKumar B S
62,Nagarjuna Reddy,0236,Senior Business Analyst,0010,Ravikumar Rachuri
63,Tejaswini Pamidi,0237,Consultant,0037,VikasSChavan
64,Vamsi Krishna Surey,0238,Manager,0206,Suresh Sayammagaru
65,Richa Tiwari,0239,Manager,0206,Suresh Sayammagaru
66,Prithvi Kathuria,0240,Senior Executive,0185,Sandeep Gautam
67,Abhilasha Chourasia,0241,Business Analyst,0206,Suresh Sayammagaru
68,Gorakh Ghate,0242,Principal Consultant,0209,Victor Sinha
69,Puneetha R,0247,Executive,0206,Suresh Sayammagaru
70,Sanjay Singh,0249,Consultant,0100,Lakshman Chowdary
71,Siva Kumar K,0251,Senior Consultant,0100,Lakshman Chowdary
72,Sathyashankar B,0253,Senior Executive,0141,Giridhar HG
73,N Ramesh Naidu,0254,Consultant,0100,Lakshman Chowdary
74,Ujwala Kambhampati,0257,Consultant,0209,Victor Sinha
75,Sovan Panda,0258,Consultant,0037,VikasSChavan
76,Kankanala Prashant Sai,0260,Consultant,0130,ShivaKumar B S
77,Richa Chawla,0261,Consultant,0001,Akhilesh Yadav
78,Stuti Mittal,0262,Associate Manager,0206,Suresh Sayammagaru
79,Abhishek Pandey,0263,Consultant,0001,Akhilesh Yadav
80,Vadla Raghavendra,0264,Consultant,0037,VikasSChavan
81,Sricharan Nagaram,0265,Associate Manager,0206,Suresh Sayammagaru
82,Radhika D,0266,Senior Executive,0206,Suresh Sayammagaru
83,Vernon Lobo,0267,Senior Business Analyst,0206,Suresh Sayammagaru
84,Venugopal B,0268,Consultant,0209,Victor Sinha
85,Sinduja Perumandla,0269,Executive,0206,Suresh Sayammagaru
86,G Sai Chandana Reddy,0270,Consultant,0209,Victor Sinha
87,Ajay Chouhan,0271,Consultant,0037,VikasSChavan
88,Mayank Khakharia,0272,Consultant,0037,VikasSChavan
89,Anusha Kolli,0273,Business Analyst,0267,Vernon Lobo
90,Aakriti Salampuria,0274,Consultant,0037,Chaitanya Murali
91,Ankur Mahiwal,0275,Associate Manager,0130,ShivaKumar B S
92,Noel Rittick Bar,0276,Consultant,0037,Chaitanya Murali
93,Anurag Yadav,0278,Consultant,0130,ShivaKumar B S
94,Shakthi Prasad Reddy Kattam,0279,Consultant,0037,VikasSChavan
95,Mudit Bhargava,0280,Business Analyst,0130,ShivaKumar B S
96,Naina Singroha,0282,Manager,0206,Suresh Sayammagaru
97,Kavya K K,0283,Consultant,0209,Victor Sinha
98,Bir Parkash,0284,Senior Consultant,0037,VikasSChavan
99,Shweta Das,0285,Senior Business Analyst,0206,Suresh Sayammagaru
100,Pranav Kumar,0286,Business Analyst,0130,ShivaKumar B S
101,Sridatri Banerjee,0287,Business Analyst,0209,Victor Sinha
102,Prassanth E,0288,Business Analyst,0130,ShivaKumar B S
103,Manideep Kandukuri,0290,Business Analyst,0206,Suresh Sayammagaru
104,Aditya Sinha,0291,Consultant,0012,Wahengbam Paramjit Singh
105,Arunabh Tiwari,0293,Senior Business Analyst,0130,ShivaKumar B S
106,Ashish Patwardhan,0294,Senior Manager,0206,Suresh Sayammagaru
107,Yashwanth Bhairavabhotla,0295,Consultant,0012,Wahengbam Paramjit Singh
108,Anusha Sarilla,0296,Consultant,0010,Ravikumar Rachuri
109,Neeraj Singh,0297,Business Analyst,0265,Sricharan Nagaram
110,Sunil Kumar Gundeboina,0298,Consultant,0012,Wahengbam Paramjit Singh
111,Krishna Chaitanya Channa,0299,Consultant,0012,Wahengbam Paramjit Singh
112,Richa Sahu,0300,Executive,0206,Suresh Sayammagaru
113,Srishti Babu,0301,Executive,0206,Suresh Sayammagaru
114,Neha Bakshi,0302,Senior Consultant,0209,Victor Sinha
115,Debajyoti Podder,0303,Business Analyst,0130,ShivaKumar B S
116,Amrutesh Yagnamurthy,0304,Associate Manager,0010,Ravikumar Rachuri
117,Vamsi Raju Kadimisetty,0305,Business Analyst,0130,ShivaKumar B S
118,Praneel Naidu Lalam,0306,Business Analyst,0100,Lakshman Chowdary
119,Priyaranjan Mishra,0307,Business Analyst,0130,ShivaKumar B S
120,Sagar Kaushik,0308,Consultant,0206,Suresh Sayammagaru
121,Mayur Rahangdale,0309,Consultant,0206,Suresh Sayammagaru
122,Manikant Mani,0310,Consultant,0206,Suresh Sayammagaru
123,Deepesh Vishwakarma ,0311,Consultant,0206,Suresh Sayammagaru
124,Anoop Rathore ,0312,Consultant,0206,Suresh Sayammagaru
125,Atul Pal,0313,Consultant,0206,Suresh Sayammagaru
126,Md Imteyaz Mohsin,0314,Consultant,0206,Suresh Sayammagaru
127,Shashi Kumar Kushawaha,0315,Consultant,0206,Suresh Sayammagaru
128,Shivam Saxena,0316,Consultant,0206,Suresh Sayammagaru
129,Deepthi Pratti,0317,Consultant,0206,Suresh Sayammagaru
130,Aman Anand Rai,0318,Consultant,0206,Suresh Sayammagaru
131,Sheetal J ,0319,Consultant,0206,Suresh Sayammagaru
132,Swarna Venkatesh,0320,Consultant,0206,Suresh Sayammagaru
133,Prateek Dwivedi,0321,Consultant,0206,Suresh Sayammagaru
134,Kshitij Sambhare,0322,Associate Manager,0123,Chaitanya Murali
135,Deepa Sharma,0323,Consultant,0010,Stuti Mittal
136,Krutika Shivkumar Shahu,0324,Business Analyst,0130,ShivaKumar B S
137,T Yuvaraj Kumar,0325,Manager,0206,Suresh Sayammagaru
138,Venkata Sai Chaithanya Gosangi,0326,Business Analyst,0130,ShivaKumar B S
139,Nagireddy Naveen Kumar Reddy,0327,Associate Manager,0206,Suresh Sayammagaru
140,Anmol Tripathi,0328,Business Analyst,0130,ShivaKumar B S
141,Kalyani Narayanaswamy,0329,Senior Consultant,0209,Victor Sinha
142,Neha Sharma,0330,Manager,0130,ShivaKumar B S
143,Sumit Sahgal,0331,Associate Manager,0209,Victor Sinha
144,Uday Kumar Sahukari,0332,Business Analyst,0130,ShivaKumar B S
145,Sravan Kumar Raju C,0333,Consultant,0209,Victor Sinha
146,Kumar Safal,0334,Associate Manager,0130,ShivaKumar B S
147,Kunal Kashyap,0335,Associate Manager,0130,ShivaKumar B S
148,Amit Sharma,0336,Senior Executive,0206,Suresh Sayammagaru
149,Anusuya Roy,0337,Consultant,0010,Ravikumar Rachuri
150,Jevita Zilpha Machado,0338,Executive,0206,Suresh Sayammagaru
151,T Anto Advik,0339,Manager,0206,Suresh Sayammagaru
152,Revti Vadjikar,0340,Associate,261,Richa Chawla
153,Anees Khan,0701,Contractor,0239,Richa Tiwari
154,Ankit R,0709,Contractor,0206,Suresh Sayammagaru
155,Ashok,0717,Contractor,0206,Suresh Sayammagaru
156,Kaushal Kishore,0719,Contractor,0206,Suresh Sayammagaru
157,Shivji Pandey,0733,Contractor,0206,Suresh Sayammagaru
158,Sushant Agrawal,0734,Contractor,0037,Chaitanya Murali
159,Shilpa Anthati,0737,Contractor ,0037,Chaitanya Murali
160,Bhoopal Reddy,0738,Contractor ,0209,Victor Sinha
