﻿S. No.,Name of the Employee,Emp ID,Designation,Project Manager ID,Reporting Manager
1,Akhilesh Yadav,1,CEO,0,
2,Ravikumar Rachuri,10,Senior Manager,206,Suresh Sayammagaru
3,Wahengbam Paramjit Singh,12,Manager,206,Suresh Sayammagaru
4,Karuppaiya Chinnaiah,22,Senior Consultant,209,Victor Sinha
5,Vikas Sunil Chavan,37,Manager,10,Ravikumar Rachuri
6,Bharat Venkannagari,89,Associate Director,1,Akhilesh Yadav
7,Lakshman Chowdary Dhullipalla,100,Solution Architect,206,Suresh Sayammagaru
8,Chaitanya Murali,123,Manager,10,Ravikumar Rachuri
9,Nikhil Yenreddy,127,Principal Consultant,206,Suresh Sayammagaru
10,ShivaKumar BS,130,Senior Manager,206,Suresh Sayammagaru
11,Giridhar H G,141,Manager,1,Akhilesh Yadav
12,Krishika Ramaswamy,146,Business Analyst,130,ShivaKumar B S
13,Saheer Md,151,Business Analyst,100,Lakshman Chowdary
14,Ashish Kumar Gupta ,154,Business Analyst,265,Sricharan Nagaram
15,Adhithya Karthikeyan,156,Business Analyst,37,Chaitanya Murali
16,Aastha Agarwal,158,Business Analyst,206,Suresh Sayammagaru
17,Dolly Gupta,160,Business Analyst,265,Sricharan Nagaram
18,Amrita Ghosh,161,Senior Executive ,239,Richa Tiwari
19,Kapil Saini,162,Business Analyst,130,ShivaKumar B S
20,P Indumathi ,166,Business Analyst,130,ShivaKumar B S
21,Suresh Sayammagaru,206,Vice President,1,Akhilesh Yadav
22,Richa Tiwari,239,Manager,206,Suresh Sayammagaru
23,Sricharan Nagaram,265,Associate Manager,206,Suresh Sayammagaru
